<?xml version="1.0" encoding="UTF-8"?>
<project-private xmlns="http://www.netbeans.org/ns/project-private/1">
    <editor-bookmarks xmlns="http://www.netbeans.org/ns/editor-bookmarks/2" lastBookmarkId="0"/>
    <open-files xmlns="http://www.netbeans.org/ns/projectui-open-files/2">
        <group>
            <file>file:/C:/Users/adhit/Downloads/AplikasiGoBus/src/Controller/viewController.java</file>
            <file>file:/C:/Users/adhit/Downloads/AplikasiGoBus/src/View/dialogJumlahUang.java</file>
            <file>file:/C:/Users/adhit/Downloads/AplikasiGoBus/src/View/tampilanPesanan.java</file>
            <file>file:/C:/Users/adhit/Downloads/AplikasiGoBus/src/View/tampilanMenu.java</file>
            <file>file:/C:/Users/adhit/Downloads/AplikasiGoBus/src/View/tampilanBeliTiket.java</file>
            <file>file:/C:/Users/adhit/Downloads/AplikasiGoBus/src/Model/connector.java</file>
            <file>file:/C:/Users/adhit/Downloads/AplikasiGoBus/src/View/tampilanDaftarTiket.java</file>
            <file>file:/C:/Users/adhit/Downloads/AplikasiGoBus/src/View/tampilanBuatTiket.java</file>
        </group>
    </open-files>
</project-private>
